manifest	f4c1abf307589bbc872b5afbd3a2164ed4c0ee118de2f381a7ec6c9525d275e1	-
	backend/app/api/v1/endpoints/sync.py	100644	a6e2db146ddd889d3b159342d133ad22411418aa7c1f60476093e4742174235f
	backend/app/services/data_sync_service.py	100644	5a0ff0dd777a293d195513060c7e39a4cd894a66f15f3976fd830b383b869126
	backend/app/services/futmondo_client.py	100644	6725cdd8d2c131b8851bb08a3c5e6b115112c6c34263efeac399fded7f8b8c87
	backend/app/services/integration_errors.py	100644	c2a934695e1dc27757110dd19ca4d72e1d88562b2d8cf7af90264178c23f50c5
	backend/app/services/prizes/team_prizes_writer.py	100644	c8fa47c98ecd57e704e812fba5cbe1a8db5ef436e74628ed62c7ba198f632ceb
	backend/tests/test_futmondo_client_characterization.py	100644	ca7f29e71131936ef8913884e348cb4b4b121dadc4408936a473f708bc19ca00
	backend/tests/test_futmondo_client_typed_failures.py	100644	2ded241b3d39d0e280e8291d45842161bf390a259b42eda02426d1b1f8c0a4a8
	backend/tests/test_sync_integration_failure_effect.py	100644	0e9382ea18ee7e652fbfffb2745c1dd938c11dc0861302693561e39a1b719697
	backend/tests/test_team_prizes_atomic_replacement.py	100644	7a5982c2ca976ca6be1bd6aba576032af38b1d2d4700ccfd513de1f09a9a9f1c
